{
  "threshold_ar": 0.12428013235330576,
  "threshold_ad": 0.4835555285215373,
  "threshold_total": 0.3050431877374649,
  "target_pfa": 0.05,
  "lambda_score": 0.5,
  "n_samples": 2063,
  "score_stats": {
    "ar_mean": 0.040593653555482744,
    "ar_std": 0.037296891407648296,
    "ar_min": 0.0021106114145368338,
    "ar_max": 0.2348359227180481,
    "ad_mean": 0.08716150351912433,
    "ad_std": 0.1451719273598398,
    "total_mean": 0.06387757851275644,
    "total_std": 0.08923313828183564
  }
}